 lga_code_2016,,vi,ko, es, pl, hi, fr, en, ar, nl, ta, it, sr, ur, zh, in, tr, ru, el, tl,de, sp_oth_lan_indo_ary_lan_ben_p, ja
10050,Albury ,39,31,72,25,145,53,43740,71,74,34,114,47,33,227,12,3,34,143,123,136,92,24
10130,Armidale Regional ,64,15,63,15,46,68,25093,303,29,25,37,9,26,421,30,3,18,40,66,104,61,39
10250,Ballina ,39,23,102,12,31,95,37396,16,81,11,139,6,0,129,23,17,8,34,28,137,4,72
10300,Balranald ,0,0,3,0,0,0,2060,8,0,5,68,0,0,16,0,0,0,4,0,0,0,0
10470,Bathurst Regional ,46,22,58,10,57,45,35813,104,39,29,57,21,19,220,5,4,20,32,65,64,51,38
10550,Bega Valley ,19,9,44,28,14,68,29637,16,77,3,68,3,0,79,8,0,16,34,48,156,5,17
10600,Bellingen ,4,3,45,7,0,23,11539,4,44,0,20,0,0,14,15,0,7,9,9,71,0,13
10650,Berrigan ,0,3,9,0,7,8,7270,8,8,7,23,3,0,34,3,0,3,0,9,15,0,0
10750,Blacktown ,1222,1842,2975,1096,13454,763,180267,10213,227,4937,1933,952,5519,8646,1604,2427,646,1983,13517,584,3382,193
10800,Bland ,3,0,3,0,3,0,5147,8,4,4,0,0,0,23,0,0,3,3,10,0,3,0
10850,Blayney ,3,0,3,3,0,7,6513,10,3,8,9,0,3,14,3,0,0,4,3,14,0,0
10900,Blue Mountains ,128,97,404,181,78,233,68143,126,160,16,288,25,13,437,96,19,152,224,87,422,6,143
10950,Bogan ,4,0,4,0,0,0,2347,0,0,0,0,0,7,6,0,0,0,0,0,4,0,0
11100,Botany Bay ,278,179,1362,125,389,218,23171,760,31,153,576,245,161,4295,1978,699,567,2080,532,111,1535,165
11150,Bourke ,0,0,4,0,0,0,2270,4,3,0,6,0,4,3,0,0,0,3,0,0,0,0
11200,Brewarrina ,0,0,0,0,0,0,1423,0,0,0,0,0,0,0,0,0,0,0,0,0,0,0
11250,Broken Hill ,6,5,7,0,12,7,15754,7,3,3,46,0,3,30,0,0,3,18,38,23,7,8
13910,Hilltops ,0,4,24,0,10,10,16418,206,19,0,36,30,0,51,3,5,10,8,26,15,10,0
14000,Hornsby ,558,3285,1274,401,2327,390,92373,1459,242,1150,1024,114,574,16384,565,124,734,375,894,508,316,747
14100,Hunters Hill ,50,82,96,39,48,74,10411,113,31,14,291,46,14,806,30,38,84,267,21,57,0,38
14170,Inner West ,3701,780,2660,495,926,1093,116020,2387,297,288,5013,437,114,10480,808,611,432,5322,859,806,586,713
14200,Inverell ,36,20,8,0,8,4,14502,13,3,0,31,0,0,33,0,0,3,3,88,30,0,8
14300,Junee ,0,9,10,0,0,4,4651,0,0,6,4,0,0,103,0,0,0,3,0,0,0,0
14350,Kempsey ,11,3,29,10,11,26,25581,14,12,0,24,0,4,84,6,4,4,11,44,67,4,3
14400,Kiama ,6,14,61,13,6,56,18882,22,39,0,107,12,0,94,4,6,5,52,9,85,0,21
14500,Ku-ring-gai ,329,2952,795,205,855,487,80521,314,294,260,602,98,160,16490,403,102,447,384,180,650,102,952
14550,Kyogle ,0,4,11,0,3,17,7836,3,5,0,14,0,0,19,3,3,0,3,11,40,3,15
14600,Lachlan ,0,0,4,0,3,0,5285,7,3,3,0,0,3,17,0,0,0,8,11,8,0,0
14650,Lake Macquarie ,162,176,387,250,240,216,177510,196,219,134,556,113,93,1020,109,26,107,308,263,432,89,118
14700,Lane Cove ,130,329,465,159,345,215,24926,98,56,92,314,61,71,2960,136,34,168,234,158,192,138,433
14750,Leeton ,5,0,6,0,3,3,9353,9,3,21,338,0,6,37,6,0,0,4,33,4,4,8
14850,Lismore ,53,19,102,9,35,113,37801,19,67,4,305,0,33,139,30,3,13,26,61,211,18,67
14870,Lithgow ,36,3,23,7,21,23,17583,45,18,8,60,10,4,76,17,5,4,23,27,44,9,4
14900,Liverpool ,10071,216,5199,874,8132,456,84597,23291,75,933,4534,4977,1970,6055,881,1629,270,2963,2406,278,940,101
14920,Liverpool Plains ,3,3,7,4,0,0,6771,3,4,0,4,0,8,13,0,0,0,4,3,3,0,6
14950,Lockhart ,9,0,0,0,0,5,2738,0,3,0,0,0,0,13,0,0,0,0,0,3,0,4
15050,Maitland ,75,40,126,90,95,60,69715,99,35,37,96,19,68,342,34,9,40,63,165,135,48,20
15240,Mid-Coast ,34,45,109,44,34,72,81523,72,122,6,131,25,16,218,38,5,26,72,95,256,25,48
15270,Mid-Western Regional ,24,15,42,11,4,20,20957,13,21,0,39,3,4,54,5,0,3,19,33,46,6,3
15300,Moree Plains ,3,3,7,3,23,11,11315,8,8,24,19,30,4,39,0,3,13,11,31,17,0,3
15350,Mosman ,47,90,329,73,75,323,21801,38,105,19,246,29,21,915,50,39,133,159,74,236,25,208
15520,Murray River ,4,0,9,3,3,4,10520,6,4,0,43,3,6,29,5,0,3,10,17,4,3,9
15560,Murrumbidgee ,0,7,10,0,0,0,3232,9,3,0,18,0,0,13,0,0,0,0,8,3,3,0
15650,Muswellbrook ,6,3,9,3,20,6,14213,9,11,8,15,3,3,63,3,5,0,12,44,18,12,14
15700,Nambucca ,9,3,30,3,18,31,17469,14,17,0,21,3,0,30,9,0,8,8,15,28,0,6
15750,Narrabri ,3,0,3,0,7,8,11661,0,7,8,14,0,3,34,0,7,3,0,21,15,7,0
15800,Narrandera ,0,4,12,0,0,9,5087,0,3,3,13,0,0,13,0,0,0,3,3,10,0,0
15850,Narromine ,0,3,0,0,0,0,5656,0,3,0,7,0,0,13,4,0,4,0,0,0,5,0
15900,Newcastle ,485,416,494,284,307,308,130863,685,101,195,817,238,259,2679,135,51,118,763,326,389,196,165
15950,North Sydney ,231,431,929,249,539,738,47366,189,143,160,501,101,74,4055,171,88,382,243,268,481,114,1194
15990,Northern Beaches ,478,841,2222,463,484,2242,198721,490,949,88,3356,1158,74,5259,445,157,592,980,836,2239,128,1128
16100,Oberon ,0,0,10,6,0,9,4393,4,6,3,12,12,0,18,0,0,8,6,0,14,0,0
16150,Orange ,55,72,60,24,62,33,35507,86,23,57,129,18,33,247,23,23,80,64,67,79,21,24
16200,Parkes ,11,10,4,5,10,0,12778,31,10,0,10,0,10,67,27,0,5,0,29,9,3,3
16260,Parramatta ,1129,11236,1962,570,8069,472,94871,7337,177,4868,1451,474,1758,39451,1329,887,679,1350,1814,455,1693,538
16350,Penrith ,463,376,1330,447,1745,332,150838,3145,221,465,1322,397,818,2105,264,629,214,1174,2105,386,379,93
11570,Canterbury-Bankstown ,24955,4040,2944,724,2741,857,117528,59579,110,599,6018,630,6601,31864,4248,1235,437,18556,2277,490,8628,469
11600,Carrathool ,0,19,3,0,8,15,2330,4,0,0,9,0,0,23,3,0,0,4,3,4,0,3
11650,Central Coast (NSW),342,639,1517,299,354,646,286876,541,435,128,1138,194,134,2401,277,121,509,730,667,887,72,418
11700,Central Darling ,0,0,0,0,0,0,1595,4,0,0,0,0,0,0,0,0,0,0,0,4,0,0
11720,Cessnock ,25,13,51,25,38,24,49685,20,25,0,54,3,16,102,5,9,4,30,45,59,5,19
11300,Burwood ,618,1421,360,125,573,109,11602,1352,11,299,1614,57,103,11057,222,74,130,915,207,51,144,110
11350,Byron ,19,12,193,30,11,232,26299,31,78,3,208,0,0,55,20,10,19,51,9,322,0,165
11400,Cabonne ,3,3,5,4,0,12,11946,5,8,0,23,0,0,11,3,0,5,4,19,35,0,14
11450,Camden ,257,51,1010,191,666,159,63035,1087,63,54,1023,398,222,960,77,99,123,381,270,178,86,32
11500,Campbelltown (NSW),1152,188,2666,545,3734,457,100066,5349,89,577,706,383,1353,2840,633,206,371,868,2332,287,4633,84
11520,Canada Bay ,583,3541,1023,215,982,301,46605,1509,79,426,6191,224,149,12545,315,369,303,1966,297,266,130,261
11730,Clarence Valley ,27,7,58,5,19,59,46940,12,56,7,40,0,9,141,23,3,8,24,53,93,4,31
11750,Cobar ,3,0,4,0,16,0,4137,0,6,0,15,0,3,18,8,0,0,0,11,3,11,7
11800,Coffs Harbour ,57,38,219,51,92,164,63571,156,112,27,209,17,31,387,35,5,44,71,113,328,23,93
12000,Coolamon ,3,0,3,0,0,0,3730,0,4,0,3,0,3,0,0,0,0,3,0,4,0,0
12150,Coonamble ,3,0,0,0,0,0,3247,3,0,0,6,0,0,5,0,0,0,6,0,3,0,0
12350,Cowra ,8,6,7,3,3,7,11071,13,12,0,12,0,0,55,0,0,4,23,17,14,0,3
12380,Cumberland ,3721,5132,1787,386,4868,339,62081,32748,40,6743,1907,448,4671,24385,826,6708,474,1693,2260,175,1329,145
12700,Dungog ,0,3,0,3,0,10,8184,0,3,0,6,0,0,6,0,0,3,5,7,9,0,0
12730,Edward River ,0,16,0,0,9,6,7655,0,6,7,31,0,6,83,0,6,0,11,6,7,0,4
12750,Eurobodalla ,53,7,82,32,7,64,32838,36,62,0,121,24,4,61,15,9,22,94,22,166,7,7
12850,Fairfield ,40403,105,6175,595,1320,266,49302,15616,48,153,5121,3683,360,16809,372,1105,415,1080,1335,277,89,77
12870,Federation ,4,13,5,7,3,3,10951,0,17,3,40,0,8,24,7,0,0,0,19,12,5,9
12900,Forbes ,11,3,7,0,0,3,8522,3,0,0,28,0,5,23,0,0,0,3,6,3,5,0
12930,Georges River ,1039,587,1629,195,1050,249,61994,5259,68,223,1949,477,331,36529,1594,217,493,7921,1198,268,981,405
12950,Gilgandra ,0,0,3,0,0,0,3782,0,0,0,0,0,3,10,0,0,0,9,9,3,0,3
13010,Glen Innes Severn ,0,0,3,0,12,5,7538,11,10,0,3,0,8,14,0,0,4,3,4,12,0,6
13310,Goulburn Mulwaree ,10,65,53,13,37,41,25892,81,26,6,70,10,19,139,13,12,20,85,44,68,18,6
13340,Greater Hume Shire ,0,0,5,3,0,15,9414,7,16,5,9,0,0,13,0,0,3,3,6,32,0,8
13450,Griffith ,4,18,98,3,74,19,17765,50,18,21,1888,0,84,298,5,122,8,10,102,30,15,3
13510,Gundagai ,13,3,3,0,10,11,9994,0,3,0,3,0,0,45,3,4,0,4,18,11,0,0
13550,Gunnedah ,6,7,3,0,0,3,11011,0,0,8,8,0,9,55,6,3,3,5,24,16,8,8
13660,Gwydir ,0,0,3,0,0,0,4704,0,3,0,4,0,0,8,0,0,3,0,3,9,0,0
13800,Hawkesbury ,73,45,171,61,57,92,56782,193,98,14,290,50,49,422,26,17,22,141,111,191,3,27
13850,Hay ,0,0,0,0,3,5,2512,0,0,0,22,0,6,4,3,0,0,14,0,0,0,0
16380,Port Macquarie-Hastings ,67,38,157,43,52,139,71600,71,129,12,137,14,10,251,17,17,25,60,71,189,13,55
16400,Port Stephens ,47,49,161,47,38,118,61834,42,82,3,180,23,4,196,10,23,21,127,102,153,5,56
16490,Queanbeyan-Palerang Regional ,101,46,192,96,249,143,44790,126,62,63,637,262,131,392,67,28,64,210,221,170,182,44
16550,Randwick ,711,598,2303,564,527,1869,83665,1238,247,155,1626,318,196,15258,2297,216,1804,4534,475,901,435,515
16610,Richmond Valley ,4,3,13,6,10,4,20908,3,25,0,41,0,3,41,3,0,0,14,44,30,0,0
16650,Rockdale ,1194,351,2386,273,1009,262,41254,8349,52,122,1802,728,275,12865,1049,454,676,8877,1198,197,2326,418
16700,Ryde ,773,5401,1195,296,1702,392,55691,1973,92,847,2579,312,408,23629,1146,203,446,1183,979,351,504,807
16900,Shellharbour ,160,44,748,104,57,58,57268,190,76,4,563,278,69,286,23,308,38,309,128,313,12,44
16950,Shoalhaven ,89,29,228,80,64,112,86854,97,110,14,350,50,21,356,69,10,53,278,157,268,29,64
17000,Singleton ,31,8,33,7,12,12,20677,23,15,3,24,6,10,84,8,10,10,12,49,35,7,4
17040,Snowy Monaro Regional ,36,35,82,39,16,93,26089,44,53,0,137,30,10,264,29,18,34,69,16,256,8,27
17080,Snowy Valleys ,9,8,18,13,5,9,12290,11,19,3,18,0,12,78,0,3,5,4,10,27,0,3
17420,The Hills Shire ,520,3081,1380,494,2967,360,101998,2690,200,1766,1656,297,931,15831,837,402,431,961,1134,503,548,246
17550,Tweed ,44,30,220,55,46,220,82858,45,97,9,240,19,23,352,47,21,45,79,190,332,18,282
17620,Upper Hunter Shire ,38,5,0,4,10,8,12328,12,3,10,16,0,4,72,3,3,3,0,28,17,6,0
17640,Upper Lachlan Shire ,0,0,0,4,0,3,6825,3,8,3,9,0,0,16,3,0,0,7,0,20,0,0
17650,Uralla ,3,0,3,0,0,11,5469,0,6,0,12,0,0,4,3,0,3,0,3,15,0,8
17750,Wagga Wagga ,78,58,93,29,142,61,55488,288,31,99,99,21,77,483,20,6,21,89,195,92,87,26
17850,Walcha ,0,0,0,0,0,0,2692,0,0,0,0,0,3,7,0,0,0,0,0,3,0,0
17900,Walgett ,3,3,9,0,0,3,5415,3,8,0,3,49,19,21,0,0,6,3,12,40,0,0
17950,Warren ,0,0,3,0,0,5,2341,0,0,0,0,0,0,7,0,0,0,0,4,7,0,3
18020,Warrumbungle Shire ,4,4,6,5,6,7,8120,6,6,0,6,0,6,18,0,0,0,15,6,22,7,0
18050,Waverley ,98,165,1413,226,81,1176,45349,212,178,17,1096,101,11,1210,124,51,1471,674,189,633,56,345
18100,Weddin ,3,0,0,0,0,3,3184,0,0,3,0,0,0,5,0,0,0,3,5,0,0,0
18200,Wentworth ,0,0,3,0,0,8,6117,0,7,0,76,0,0,6,0,12,0,8,4,3,0,0
18230,Western Plains Regional ,60,52,47,12,87,32,43679,100,29,63,54,6,70,278,24,12,19,52,117,52,68,13
18250,Willoughby ,297,2433,530,138,791,403,41100,465,116,177,739,104,128,14871,538,37,258,383,363,289,125,1762
18350,Wingecarribee ,61,22,125,55,61,109,41889,60,74,3,272,39,0,370,21,22,14,174,62,199,16,42
18400,Wollondilly ,54,7,205,39,25,35,42823,287,57,7,365,79,20,219,3,28,43,150,30,100,10,9
18450,Wollongong ,1128,330,1571,384,406,345,157936,2877,336,187,3655,1419,262,4078,291,915,177,1707,457,713,154,227
18500,Woollahra ,135,135,568,141,84,708,40780,119,96,23,566,77,11,1505,94,67,484,680,133,369,20,182
18710,Yass Valley ,20,3,27,13,14,14,14422,30,40,3,31,8,8,41,4,3,9,14,6,58,3,3
19399,Unincorporated NSW,0,0,0,0,0,3,1016,0,0,0,5,3,0,3,0,0,0,0,0,9,0,0
20110,Alpine ,5,8,21,16,4,27,11001,7,20,4,439,12,0,54,0,0,10,27,16,78,0,15
20260,Ararat ,19,3,3,5,18,9,9539,19,17,0,20,3,21,68,6,6,4,8,13,25,0,0
20570,Ballarat ,117,38,106,54,221,121,88705,161,163,75,228,43,90,1099,40,27,60,139,167,166,80,148
20660,Banyule ,854,230,575,278,667,369,89007,1209,151,435,3637,293,168,5793,176,122,290,2561,230,497,67,371
20740,Bass Coast ,33,4,86,17,29,48,28174,28,94,11,285,17,3,157,17,14,13,111,30,112,7,19
20830,Baw Baw ,40,8,56,52,15,42,42256,44,120,21,271,24,15,187,10,3,35,68,30,120,13,36
20910,Bayside ,182,94,505,448,267,591,76425,301,227,67,1234,195,25,2527,76,163,1236,2095,66,741,26,394
21010,Benalla ,3,0,8,11,14,12,12066,8,4,5,33,11,5,54,4,0,16,5,10,37,4,3
21110,Boroondara ,2056,721,964,322,1402,1029,112335,904,160,591,2747,162,237,19462,701,218,322,4745,191,661,224,555
21180,Brimbank ,31344,148,2811,1353,2395,274,69034,4294,63,1309,4865,1609,1436,8390,326,2340,188,5265,3090,455,596,124
21270,Buloke ,3,0,0,0,3,4,5347,3,3,0,9,0,0,11,6,0,5,3,12,5,0,0
21370,Campaspe ,9,32,21,7,20,26,32591,22,24,7,215,8,7,77,8,14,5,48,69,47,0,3
21450,Cardinia ,125,64,445,120,409,294,77291,500,220,202,547,145,143,578,112,98,127,251,230,277,126,71
21610,Casey ,2246,513,3277,1475,4701,2080,175701,4391,467,4096,2633,2617,1864,8763,940,1561,726,2466,2106,709,640,203
21670,Central Goldfields ,3,0,11,3,13,3,11587,7,6,0,16,3,5,35,0,3,12,23,19,19,0,0
21750,Colac-Otway ,23,3,10,10,10,17,18226,66,17,4,67,4,3,118,16,5,9,43,13,35,0,22
21830,Corangamite ,0,0,13,0,6,9,14092,5,27,0,14,4,0,20,10,4,10,9,22,22,0,0
21890,Darebin ,3373,177,1184,206,1589,586,82065,4461,127,518,9621,328,747,7497,302,374,127,9210,414,451,420,404
22110,East Gippsland ,78,10,52,30,39,44,38461,14,65,30,221,20,3,193,11,5,14,65,62,154,0,16
22170,Frankston ,237,78,633,328,509,344,109420,521,382,349,842,305,80,1524,141,159,540,1154,456,574,42,135
22250,Gannawarra ,3,0,3,0,3,3,9342,3,7,0,11,3,0,8,3,0,3,11,18,9,4,0
22830,Greater Shepparton ,56,30,46,28,122,63,48133,1236,61,63,1310,22,119,556,22,486,12,221,159,76,44,32
22910,Hepburn ,9,0,32,14,8,38,13116,7,32,5,68,41,0,58,4,4,13,55,15,57,3,8
22980,Hindmarsh ,0,0,0,0,0,3,4907,0,11,0,6,3,0,16,0,3,0,7,13,6,0,0
23110,Hobsons Bay ,1793,72,629,363,840,224,57670,3037,106,188,2363,599,290,2280,297,93,112,2346,404,373,169,186
23190,Horsham ,9,8,21,13,24,10,17479,15,12,10,80,0,9,83,0,24,3,20,31,26,12,9
23270,Hume ,1960,90,1107,390,2688,232,97275,16291,66,634,5673,547,2629,1742,250,13520,126,2822,1342,255,399,103
23350,Indigo ,0,0,18,12,4,22,14098,0,19,0,43,9,0,18,9,3,0,6,16,56,0,15
23430,Kingston (VIC),1575,315,992,663,1325,795,102951,1231,204,675,2314,449,260,6894,278,682,1923,6796,617,631,206,492
23670,Knox ,1186,706,754,596,1335,353,108286,1133,325,1100,1822,293,190,13616,577,161,245,1818,611,1077,153,201
23810,Latrobe (VIC),79,28,101,114,89,50,61417,196,228,39,826,54,48,484,30,11,27,358,140,200,61,31
23940,Loddon ,0,0,3,0,10,5,6359,5,3,0,9,0,0,15,3,0,0,17,28,18,0,0
24130,Macedon Ranges ,28,5,94,57,27,90,40303,29,72,3,345,19,8,190,12,31,6,123,31,189,5,29
24210,Manningham ,728,901,397,197,746,205,61320,1805,126,350,4828,174,365,22687,416,225,166,7032,157,391,91,275
24250,Mansfield ,3,3,11,3,0,20,7540,0,3,0,20,0,4,90,10,0,3,15,3,52,0,13
24330,Maribyrnong ,9730,211,1044,260,871,244,41846,800,88,304,1461,400,591,5487,293,358,94,1773,504,215,640,233
24410,Maroondah ,428,284,465,269,641,213,85732,353,290,139,821,131,107,5215,212,64,143,621,204,511,69,155
24600,Melbourne ,2065,2903,2371,190,2304,965,63917,1829,176,871,1830,216,293,32959,2966,336,410,731,417,612,344,1101
24650,Melton ,2757,172,1848,573,1912,184,82496,2478,78,559,1979,936,953,2600,273,1113,120,1559,2079,217,285,103
24780,Mildura ,192,53,29,18,43,45,44053,102,36,49,1023,17,8,487,9,440,8,318,77,62,30,51
24850,Mitchell ,27,15,85,42,101,36,34409,117,22,35,385,6,34,315,17,94,10,122,88,98,13,41
24900,Moira ,0,0,15,13,11,20,24906,143,32,18,309,14,17,102,8,3,3,21,49,36,6,7
24970,Monash ,2975,2355,953,766,3090,767,82679,1317,178,2661,3817,444,723,37369,1744,294,934,10277,472,690,907,884
25060,Moonee Valley ,2752,267,1200,351,897,344,74253,1735,90,284,7833,280,238,4115,187,631,155,3638,268,321,140,270
25150,Moorabool ,48,0,82,41,48,35,27826,44,62,6,146,50,10,69,4,8,8,89,30,89,0,14
25250,Moreland ,1451,283,1546,460,1260,573,90145,7890,138,404,12666,299,3834,4412,637,2942,203,7365,471,591,726,442
25340,Mornington Peninsula ,57,23,324,177,42,368,134308,131,323,15,1552,79,7,637,103,46,100,1200,154,645,3,141
17100,Strathfield ,885,3554,291,86,1361,67,11652,2034,16,2257,738,74,449,7005,217,109,156,596,277,37,240,91
17150,Sutherland Shire ,439,221,1606,497,402,576,179618,2033,322,65,1808,319,98,5370,414,154,1000,4128,469,782,125,410
17200,Sydney ,2279,3290,3649,558,1290,2549,113488,1423,463,314,2272,467,208,28732,4545,504,1892,1962,678,1302,350,1754
17310,Tamworth Regional ,63,152,42,12,89,47,52838,50,30,30,52,4,38,372,12,4,24,27,226,71,36,11
17350,Temora ,14,0,3,0,0,0,5572,9,0,0,8,3,0,5,0,0,0,3,14,7,0,0
17400,Tenterfield ,3,0,0,4,0,3,5742,0,11,0,29,0,0,3,4,0,0,0,4,11,0,10
22410,Glenelg ,9,0,16,3,11,0,17026,5,25,0,7,0,3,38,16,3,3,13,36,27,10,0
22490,Golden Plains ,9,3,35,8,3,31,19624,20,30,0,72,20,3,20,8,4,12,33,3,51,0,14
22620,Greater Bendigo ,106,60,79,21,184,85,96646,167,67,73,204,17,75,659,83,22,47,152,143,126,58,50
22670,Greater Dandenong ,17058,420,1462,740,2524,935,45239,2662,154,3099,2329,2201,1394,11460,553,1504,494,3608,979,305,690,169
22750,Greater Geelong ,730,151,580,478,552,370,190555,665,485,193,2389,779,233,2402,230,318,253,936,510,828,125,253
25430,Mount Alexander ,8,3,35,14,7,46,15620,9,36,6,60,4,0,90,6,0,0,34,8,64,0,22
25490,Moyne ,3,0,3,7,4,27,14568,3,22,3,17,0,0,47,5,0,4,10,27,21,0,11
25620,Murrindindi ,3,3,13,13,3,8,11770,7,20,0,49,8,0,37,5,0,4,44,5,36,0,0
22310,Glen Eira ,744,761,919,848,1806,1097,88822,440,143,614,1747,325,172,10030,423,134,4715,5424,290,635,230,893
25710,Nillumbik ,83,20,160,91,91,180,52164,156,136,29,1053,96,30,742,48,76,60,539,23,288,0,105
25810,Northern Grampians ,14,8,10,4,3,4,10222,0,16,23,12,0,0,66,4,0,3,13,17,16,3,5
25900,Port Phillip ,419,234,1190,401,767,1027,69342,360,258,194,1435,231,85,3151,380,245,1309,2616,163,700,108,380
25990,Pyrenees ,11,0,12,3,0,13,5986,3,15,0,5,0,0,9,0,0,0,4,0,8,0,8
26080,Queenscliffe ,0,0,3,3,0,3,2385,0,6,0,11,0,0,13,0,0,5,5,0,4,0,6
26170,South Gippsland ,19,16,29,13,15,16,24723,10,79,10,246,8,0,54,3,0,8,42,21,86,4,15
26260,Southern Grampians ,7,3,8,7,9,10,14211,8,21,0,12,3,0,57,8,0,3,10,13,31,7,3
26350,Stonnington ,602,314,931,320,864,837,71377,392,159,214,1221,169,109,6906,500,259,796,3513,201,449,122,468
26430,Strathbogie ,11,16,5,7,9,12,8879,3,9,0,39,0,3,39,3,3,0,16,14,25,0,10
26490,Surf Coast ,18,7,58,11,18,78,25909,12,61,5,135,11,4,47,30,9,18,67,19,129,0,39
26610,Swan Hill ,222,23,8,4,26,33,15613,29,19,31,390,4,13,237,45,7,0,67,49,24,17,6
26670,Towong ,0,0,3,0,0,3,5187,0,8,0,15,0,0,6,0,0,0,3,12,32,0,0
26700,Wangaratta ,13,0,26,4,10,30,24541,17,23,19,535,12,16,76,5,13,0,42,36,54,3,26
26730,Warrnambool ,16,80,26,8,39,50,29297,68,25,28,40,0,0,410,30,13,12,32,35,38,4,53
26810,Wellington ,63,3,36,53,53,43,36575,30,83,38,124,14,29,161,16,9,15,43,85,68,9,20
26890,West Wimmera ,0,0,3,0,0,3,3472,0,5,0,0,0,0,0,3,0,4,3,0,20,0,0
26980,Whitehorse ,2067,1222,745,356,1779,473,95177,558,195,716,2219,230,423,31108,906,117,262,4132,402,614,301,569
27070,Whittlesea ,4691,242,910,246,3498,304,100368,9896,77,2146,9790,786,1163,6852,399,1754,186,7283,1070,236,389,171
27170,Wodonga ,18,21,49,30,76,64,34165,55,42,19,120,63,36,137,13,0,10,32,98,161,17,24
27260,Wyndham ,2201,840,1904,634,7671,609,114394,4186,148,1913,2908,938,3717,10081,1530,352,485,1403,2846,341,2279,336
27350,Yarra ,3383,146,883,139,180,629,59277,690,159,90,1564,165,75,3683,177,239,145,2284,104,418,39,283
27450,Yarra Ranges ,141,60,346,311,202,297,129169,210,729,42,1357,52,19,1160,92,38,140,351,190,888,8,195
27630,Yarriambiack ,0,0,8,6,10,7,5774,8,3,0,10,0,0,14,0,0,0,12,0,10,0,3
29399,Unincorporated Vic,3,11,18,21,3,38,5962,3,11,0,42,21,0,125,3,0,31,21,4,63,0,15
30250,Aurukun ,0,0,0,0,0,0,170,0,0,0,0,0,0,0,0,0,0,0,0,0,0,0
30300,Balonne ,4,3,0,3,0,3,3964,0,0,0,0,0,0,3,3,0,0,0,7,8,0,0
30370,Banana ,110,3,8,0,6,8,13289,3,8,44,25,0,7,61,5,0,7,7,62,15,12,0
30410,Barcaldine ,0,0,4,0,0,0,2924,0,3,0,4,0,13,0,0,0,0,0,0,10,0,0
30450,Barcoo ,0,0,0,0,0,0,336,0,0,0,0,0,0,0,0,0,0,0,0,0,0,0
30760,Blackall-Tambo ,0,0,0,0,7,0,1862,0,3,0,0,0,0,3,0,0,0,0,3,0,0,0
34710,Longreach ,0,0,3,0,7,4,4122,3,0,0,7,3,0,11,0,0,0,0,4,3,0,0
34770,Mackay ,90,26,149,48,177,107,98611,29,127,47,226,25,59,436,62,5,57,37,801,255,73,75
34800,McKinlay ,0,0,4,0,3,0,1278,0,0,0,3,0,0,0,0,0,0,0,0,3,0,0
34830,Mapoon ,0,0,0,0,0,0,289,0,0,0,0,0,0,0,0,0,0,0,0,0,0,0
34860,Maranoa ,3,11,15,0,17,8,11689,3,11,3,7,0,3,42,3,0,3,3,104,17,5,0
34880,Mareeba ,14,34,51,13,10,91,16705,0,51,0,860,8,0,131,5,4,6,29,27,197,0,62
35010,Moreton Bay ,508,622,1264,437,1468,823,368065,541,697,177,1197,143,129,2787,250,68,434,353,1551,1243,113,623
35250,Mornington ,0,0,0,0,0,0,919,0,3,0,0,0,0,0,0,0,0,0,8,3,0,0
35300,Mount Isa ,11,7,33,10,74,29,15173,3,3,43,46,8,15,53,20,3,20,28,148,41,3,8
35600,Murweh ,106,0,4,0,3,0,4078,0,0,0,4,0,0,6,0,0,0,3,6,8,0,0
35670,Napranum ,0,0,0,0,0,0,620,0,0,0,0,0,0,0,0,0,0,0,0,0,0,3
35740,Noosa ,29,31,171,43,32,248,49954,21,171,3,220,11,0,162,60,13,35,69,59,477,6,101
35760,North Burnett ,3,86,6,0,3,36,9060,11,10,3,22,0,7,54,3,0,0,0,28,14,0,10
35780,Northern Peninsula Area ,0,0,0,0,0,3,767,0,0,3,3,0,0,0,0,0,0,0,5,4,0,0
35790,Palm Island ,0,0,0,0,0,0,2297,0,0,0,0,0,0,0,0,0,0,0,3,0,0,0
35800,Paroo ,0,0,0,0,0,0,1708,0,5,0,0,0,0,3,3,0,0,0,0,6,0,0
36070,Pormpuraaw ,0,0,0,0,0,0,311,0,0,0,0,0,0,3,0,0,0,0,0,0,0,0
36150,Quilpie ,0,0,0,0,0,0,837,0,0,0,0,3,0,0,0,0,0,0,0,0,0,0
36250,Redland ,184,89,415,203,275,312,129267,180,317,61,455,90,37,1010,83,52,185,336,311,544,11,232
36300,Richmond ,0,0,0,0,0,3,857,0,0,0,3,0,0,0,0,0,0,0,0,0,0,7
36370,Rockhampton ,414,78,64,19,141,46,69584,32,33,207,33,3,41,363,34,5,26,29,360,122,111,47
36510,Scenic Rim ,10,90,48,32,13,63,36092,17,69,3,40,10,3,72,24,0,39,17,37,187,0,74
36580,Somerset ,89,37,23,9,11,23,21591,14,29,3,15,4,0,63,7,0,17,12,165,98,18,13
36630,South Burnett ,30,9,7,9,19,31,28847,10,23,0,27,0,0,50,7,0,0,3,80,78,7,8
36660,Southern Downs ,17,79,54,21,37,40,31306,10,37,3,342,23,8,142,3,11,20,13,62,104,6,22
36720,Sunshine Coast ,229,366,677,241,284,858,267187,187,748,51,812,76,90,1157,214,44,206,260,409,1589,46,479
36820,Tablelands ,7,9,30,18,7,47,22375,13,51,6,217,0,0,45,5,3,3,10,33,158,0,48
36910,Toowoomba ,118,212,256,39,253,197,138828,880,151,127,192,29,88,1176,55,16,71,63,483,289,146,149
36950,Torres ,0,0,12,0,0,6,1575,0,0,0,6,0,0,5,0,0,3,0,0,0,0,8
36960,Torres Strait Island ,0,0,0,0,0,0,257,0,3,0,0,0,0,0,0,0,0,0,0,5,0,0
37010,Townsville ,353,280,428,108,316,314,160904,276,183,195,863,31,94,976,158,18,114,391,779,542,83,231
31000,Brisbane ,18548,11031,10497,2041,9835,4399,808841,6461,1671,3151,7649,2100,2610,66318,2770,665,2388,6243,5178,4346,2107,5198
32080,Cairns ,294,969,406,153,260,555,128161,153,414,87,1182,63,67,1890,220,47,141,234,789,1023,60,2390
32250,Carpentaria ,0,0,0,3,0,3,2750,0,9,0,0,0,0,4,0,0,0,3,0,13,0,6
32260,Cassowary Coast ,10,44,27,13,40,45,25265,3,47,3,528,3,5,118,18,0,8,80,117,95,3,89
30900,Boulia ,0,0,0,0,0,0,441,0,0,0,0,0,0,0,0,0,0,0,0,3,0,0
31750,Bulloo ,0,0,0,0,0,0,461,0,0,0,0,0,0,0,0,0,0,0,0,0,0,0
31820,Bundaberg ,158,158,89,24,82,114,83583,46,130,25,372,16,31,557,23,110,45,31,180,275,27,104
31900,Burdekin ,25,46,28,0,3,40,15091,0,9,3,497,0,0,42,4,0,6,53,24,16,4,50
31950,Burke ,0,3,0,0,0,0,594,0,0,0,0,0,0,0,0,0,0,0,0,4,0,0
32270,Central Highlands (QLD),8,33,44,5,35,31,25976,9,11,19,27,5,5,100,29,5,19,14,141,55,11,15
32310,Charters Towers ,11,3,8,7,3,10,11238,3,11,0,10,0,5,12,9,0,3,3,15,17,0,11
32330,Cherbourg ,0,0,0,0,0,0,1185,0,0,0,0,0,0,0,0,0,0,0,0,0,0,0
32450,Cloncurry ,4,0,0,0,7,3,3564,0,7,0,12,0,0,21,0,0,0,0,25,11,0,0
32500,Cook ,3,3,0,6,0,26,4614,0,7,0,25,3,0,19,0,0,3,0,15,41,0,24
32600,Croydon ,0,0,0,0,0,0,270,0,0,0,0,0,0,0,0,0,0,0,0,0,0,0
37300,Weipa ,0,0,4,0,4,0,3539,0,5,3,12,3,0,12,0,0,0,0,24,8,0,9
37310,Western Downs ,29,15,41,9,47,14,29829,6,16,14,15,7,8,65,3,4,11,5,193,34,4,11
37340,Whitsunday ,85,170,86,31,21,123,31681,32,67,21,147,16,13,401,27,28,21,69,142,157,3,90
33200,Flinders (QLD),0,0,4,4,0,0,1547,0,0,0,0,0,0,3,0,0,0,0,0,0,0,0
33220,Fraser Coast ,60,16,87,45,92,156,92552,51,186,36,163,22,41,269,29,5,37,53,185,428,14,50
33360,Gladstone ,53,51,123,43,139,59,54375,99,64,111,92,28,48,215,57,13,55,55,428,122,71,29
33430,Gold Coast ,971,3475,3162,979,1379,2189,457467,1814,961,314,2738,1095,420,13275,717,527,1370,1620,1601,2350,400,5758
33610,Goondiwindi ,7,4,3,3,6,4,9375,7,3,3,20,0,0,61,0,0,0,0,20,10,0,7
32750,Diamantina ,0,0,0,0,0,0,399,0,0,0,0,0,0,0,0,0,0,0,0,0,0,0
41140,Clare and Gilbert Valleys ,0,0,0,3,11,0,8220,5,15,0,15,3,0,15,3,0,5,6,4,18,0,17
32770,Doomadgee ,0,0,0,0,4,0,1383,0,0,0,0,0,0,3,0,0,0,0,0,0,0,0
32810,Douglas ,23,39,68,15,5,100,13505,12,52,9,154,4,8,71,11,4,30,31,17,143,0,34
33100,Etheridge ,0,0,0,0,0,0,1061,0,0,0,0,0,0,3,0,0,0,0,0,4,0,0
33620,Gympie ,32,10,29,19,12,63,44650,13,60,27,60,8,4,82,17,0,24,13,73,166,4,40
33800,Hinchinbrook ,3,0,16,3,3,6,9778,0,7,5,536,0,0,18,3,0,0,4,15,18,0,0
33830,Hope Vale ,0,0,0,0,0,0,150,0,0,0,0,0,0,0,0,0,0,0,0,0,0,0
33960,Ipswich ,1829,215,1038,203,917,264,157389,498,304,310,189,164,161,1231,136,48,152,121,760,361,102,214
33980,Isaac ,17,7,39,3,45,27,21633,4,5,3,24,0,12,63,44,0,15,7,154,23,9,23
34420,Kowanyama ,0,0,0,0,0,0,871,0,0,0,0,0,0,3,0,0,0,0,0,0,0,0
34530,Livingstone ,13,7,47,17,14,38,32305,11,28,8,41,0,0,49,8,0,17,16,44,103,0,47
34570,Lockhart River ,0,0,0,0,0,0,404,0,0,0,0,0,0,0,0,0,0,0,0,0,0,0
34580,Lockyer Valley ,74,129,59,9,51,44,32584,156,42,20,56,7,7,558,45,23,10,4,46,105,41,85
34590,Logan ,1364,1104,1463,420,2014,505,233973,2138,470,382,490,769,914,4790,407,342,451,466,1229,787,198,448
40310,Barossa ,3,3,27,11,4,22,21477,3,21,0,55,9,0,45,3,0,0,7,7,147,0,17
40430,Barunga West ,0,0,0,0,0,4,2286,0,0,0,0,0,0,0,0,0,0,0,0,0,0,0
40520,Berri and Barmera ,3,8,6,11,6,8,8849,13,12,10,66,0,0,30,0,0,11,392,23,17,12,3
37400,Winton ,0,0,0,0,0,5,1401,0,0,0,3,3,0,0,0,0,0,3,0,3,0,0
40700,Burnside ,241,402,227,93,301,224,31284,233,62,186,1053,51,117,3696,97,25,129,707,84,248,98,186
37550,Woorabinda ,0,0,0,0,0,0,825,0,0,0,0,0,0,0,0,0,0,0,0,0,0,0
40910,Campbelltown (SA),211,556,253,196,567,80,30800,594,95,227,5552,105,119,3396,85,7,215,1058,111,171,99,88
41010,Ceduna ,0,11,3,3,7,0,3059,0,0,4,6,0,0,7,0,0,0,55,10,5,0,0
41060,Charles Sturt ,2972,131,465,716,557,200,75018,936,126,241,5469,1389,331,2572,117,53,458,4513,423,432,125,120
37570,Wujal Wujal ,0,0,0,0,0,0,77,0,0,0,0,0,0,0,0,0,0,0,0,0,0,0
37600,Yarrabah ,0,0,0,0,0,0,2185,0,0,0,0,0,0,0,0,0,0,0,0,0,0,0
41330,Coober Pedy ,0,4,4,3,3,6,1350,0,0,3,10,26,10,18,0,0,0,85,12,23,8,0
40070,Adelaide ,263,298,226,49,196,117,14849,352,32,65,312,30,57,4348,80,19,76,274,48,88,67,135
40120,Adelaide Hills ,86,6,91,113,8,86,34240,32,77,0,342,22,0,195,20,4,64,91,29,301,0,60
40220,Alexandrina ,10,4,15,26,4,28,22980,10,52,0,64,3,0,42,18,0,11,23,26,109,0,19
40250,Anangu Pitjantjatjara ,0,0,0,0,0,0,377,0,0,0,0,3,0,0,0,0,0,0,0,0,0,0
41190,Cleve ,0,0,0,0,0,0,1976,0,0,0,4,0,0,3,3,0,0,0,0,3,0,0
41560,Copper Coast ,8,0,12,13,3,3,12521,0,10,3,42,3,3,16,0,0,3,29,7,17,3,0
41750,Elliston ,0,0,0,0,0,0,1049,0,0,0,0,0,0,0,0,0,0,0,0,0,0,0
42030,Gawler ,56,3,35,37,12,20,20551,23,21,3,191,3,9,70,22,0,21,69,38,57,0,3
42110,Goyder ,0,0,0,0,0,0,3749,0,14,0,10,0,0,3,0,0,0,0,3,14,0,0
42250,Grant ,0,0,0,6,0,0,6984,0,3,0,41,3,0,6,0,0,9,8,6,20,0,0
42750,Kangaroo Island ,6,0,3,0,0,14,4040,6,3,0,21,0,0,17,0,0,0,11,10,22,0,4
43080,Karoonda East Murray ,0,0,0,0,0,0,978,0,3,0,0,0,0,0,0,0,3,0,0,0,0,0
43650,Light ,16,0,12,6,0,9,13603,5,11,3,38,7,10,23,0,0,3,11,8,53,0,9
43710,Lower Eyre Peninsula ,0,0,3,0,0,3,4831,0,5,0,9,0,0,4,0,0,0,7,4,16,0,0
43790,Loxton Waikerie ,9,5,0,3,12,3,10199,8,9,9,59,3,0,29,4,0,4,111,11,21,0,7
43920,Mallala ,59,0,3,3,0,3,7718,8,10,8,96,6,0,8,4,0,6,76,3,4,0,3
50560,Beverley ,6,0,4,0,0,3,1413,0,0,0,6,0,0,3,0,0,0,0,3,6,0,0
50630,Boddington ,0,0,7,0,4,3,1970,0,5,9,7,0,0,3,30,0,3,0,0,3,0,8
41830,Flinders Ranges ,0,0,3,0,4,0,1461,0,3,0,0,0,0,0,0,0,0,0,0,6,0,0
41960,Franklin Harbour ,0,0,0,0,0,0,1255,0,0,0,4,0,0,0,0,0,0,3,0,0,0,0
42600,Holdfast Bay ,38,50,137,84,102,124,29624,107,75,14,302,38,21,437,33,11,76,306,46,174,19,70
43220,Kimba ,0,0,0,0,4,0,1006,0,0,0,0,0,0,0,0,0,0,0,0,5,0,0
43360,Kingston (SA),0,0,0,0,0,3,2083,0,0,0,3,0,0,3,0,0,0,0,0,6,0,0
44000,Maralinga Tjarutja ,0,0,0,0,0,0,19,0,0,0,0,0,0,0,0,0,0,0,0,0,0,0
44060,Marion ,291,176,370,503,614,171,67091,1272,193,219,691,177,220,3529,125,42,222,1114,452,423,182,199
44210,Mid Murray ,0,3,4,8,8,3,7525,6,19,0,15,3,0,15,0,0,0,3,11,24,0,3
44340,Mitcham ,255,175,144,163,208,184,52288,359,141,109,581,71,190,1971,312,9,130,1386,99,410,111,142
44550,Mount Barker ,13,16,51,36,21,65,29945,15,72,3,115,12,10,97,14,0,14,44,31,180,0,54
44620,Mount Gambier ,28,4,10,26,24,35,22888,27,52,6,229,3,21,73,3,0,9,56,46,59,0,22
44830,Mount Remarkable ,0,0,0,0,3,0,2609,0,3,0,4,0,0,7,0,0,0,5,0,3,0,4
45040,Murray Bridge ,130,10,11,8,30,7,16992,48,17,12,142,0,31,561,6,50,11,17,209,56,33,5
45400,Orroroo/Carrieton ,0,0,0,0,0,0,805,0,0,0,3,0,0,0,0,0,0,0,0,0,0,0
50770,Boyup Brook ,0,0,0,0,0,3,1490,0,9,0,11,0,0,0,0,0,0,0,0,3,0,0
50840,Bridgetown-Greenbushes ,0,0,0,3,0,6,4098,0,17,0,18,0,0,3,0,0,0,4,8,16,0,7
45090,Naracoorte and Lucindale ,30,23,9,0,3,0,6928,3,0,3,14,0,3,82,0,4,0,13,72,17,0,5
45120,Northern Areas ,0,0,0,0,0,4,4177,0,3,0,0,0,0,10,0,0,0,3,4,6,0,0
45290,Norwood Payneham St Peters ,251,246,204,99,283,110,24063,131,50,84,2289,37,100,2095,51,6,85,780,102,186,60,105
45340,Onkaparinga ,135,114,415,701,233,217,144831,502,410,76,654,168,285,1107,106,26,214,617,396,751,38,147
47700,Tea Tree Gully ,180,278,350,449,373,83,80517,478,176,101,1706,113,92,1574,70,45,234,615,215,445,138,117
47800,The Coorong ,0,0,0,0,0,3,4729,6,12,0,5,0,0,5,0,0,0,3,11,23,0,0
45540,Peterborough ,0,0,0,0,3,0,1555,0,3,0,0,0,0,0,0,0,0,0,0,5,0,0
45680,Playford ,845,12,280,116,128,69,71699,445,101,107,650,150,43,246,91,71,223,400,248,177,73,25
45890,Port Adelaide Enfield ,6188,421,558,751,1314,148,74278,1081,114,435,2095,694,451,5258,105,81,508,2028,792,403,423,157
46090,Port Augusta ,23,3,0,3,20,7,11545,4,11,4,65,3,10,48,3,0,0,5,20,25,15,3
46300,Port Lincoln ,5,5,20,4,3,17,12180,7,12,0,46,3,0,30,5,0,0,31,43,26,0,10
46450,Port Pirie City and Dists ,20,0,10,4,0,11,15591,0,17,17,155,0,31,33,3,5,11,92,47,27,3,3
47910,Tumby Bay ,0,0,0,0,0,0,2542,0,0,0,5,0,0,3,0,0,0,0,0,5,0,0
50910,Brookton ,0,0,0,0,0,3,835,0,3,0,5,0,0,0,0,0,0,0,0,0,0,0
46510,Prospect ,463,29,40,78,233,48,13977,112,18,48,680,49,53,590,4,10,29,921,46,70,84,21
46670,Renmark Paringa ,80,4,4,5,5,15,7475,3,3,6,129,0,0,105,0,59,0,371,8,18,0,7
46860,Robe ,0,0,0,0,0,5,1239,0,0,0,3,0,0,9,0,0,0,0,0,0,0,0
46970,Roxby Downs ,3,0,26,5,8,0,3746,0,4,11,8,11,6,5,8,5,8,5,38,6,5,0
47140,Salisbury ,5369,192,1033,932,869,136,91896,1620,161,378,1934,733,366,2732,127,100,272,1255,1030,407,353,97
47290,Southern Mallee ,0,0,0,0,0,3,1731,4,3,0,0,0,0,20,0,0,0,0,7,0,0,3
47490,Streaky Bay ,5,0,0,0,0,0,1914,0,0,0,0,0,0,0,0,0,0,0,0,6,3,0
47630,Tatiara ,8,7,0,0,3,13,5508,6,0,25,4,0,3,45,3,0,0,0,37,15,0,0
47980,Unley ,133,168,180,92,237,154,28295,130,44,71,713,32,73,1828,73,24,74,1294,54,216,133,120
48050,Victor Harbor ,8,0,10,7,6,21,12971,0,50,0,40,0,0,35,12,0,3,20,10,65,0,14
48130,Wakefield ,8,0,0,6,0,0,6046,0,5,0,12,0,0,24,3,0,0,7,55,11,8,0
48410,West Torrens ,396,162,302,209,771,126,36898,607,57,147,1831,186,257,2966,156,26,100,3653,271,151,255,131
48540,Whyalla ,15,3,62,15,69,18,18806,23,22,32,99,13,4,69,15,0,6,106,126,73,29,6
50980,Broome ,16,35,40,21,21,69,17823,14,47,4,107,0,19,130,37,0,7,19,98,118,3,45
51190,Bunbury ,69,119,74,72,47,67,25771,76,58,40,392,14,32,282,64,3,35,56,236,59,39,50
51260,Busselton ,58,30,42,21,19,106,31503,9,78,10,164,8,7,115,69,9,10,12,61,162,3,61
51960,Coolgardie ,0,6,7,5,7,3,3174,0,4,3,9,3,0,10,7,0,0,0,15,4,0,3
52030,Coorow ,0,0,3,0,0,0,941,0,3,0,0,0,0,0,0,0,0,0,0,10,0,0
50210,Armadale ,122,147,291,100,501,224,58910,317,349,726,444,64,234,1787,443,22,83,35,633,224,98,121
50250,Ashburton ,37,78,81,28,60,51,17256,42,33,44,91,37,26,199,58,4,26,26,269,66,16,19
50280,Augusta-Margaret River ,10,41,71,12,3,90,11934,0,45,0,79,0,0,101,25,0,4,7,53,110,0,38
50350,Bassendean ,147,14,33,60,55,91,11821,41,31,37,249,81,51,279,38,10,15,15,94,60,6,60
50420,Bayswater ,2183,215,349,390,558,315,41626,475,117,251,2013,457,288,3230,228,59,118,372,447,252,128,257
50490,Belmont ,355,382,178,168,380,221,23665,744,62,92,504,38,403,2411,291,126,61,59,551,99,257,92
48260,Walkerville ,105,30,34,32,40,28,5665,33,14,26,192,9,20,391,13,3,33,183,10,27,4,20
48340,Wattle Range ,9,0,7,11,0,14,10260,0,16,0,77,0,0,34,0,0,3,3,14,12,0,11
48640,Wudinna ,0,0,0,0,0,0,1213,0,0,0,0,0,0,0,0,0,0,0,4,0,0,0
48750,Yankalilla ,0,3,4,0,13,12,4619,0,10,0,11,0,0,6,0,0,0,19,5,20,0,3
48830,Yorke Peninsula ,3,0,6,3,0,0,10027,0,5,0,21,0,3,10,4,0,4,13,10,21,0,0
49399,Unincorporated SA,7,0,5,12,10,7,4385,3,5,6,26,8,0,13,11,0,0,12,8,20,0,5
50080,Albany ,42,8,39,52,10,54,31130,8,104,14,231,4,6,126,45,0,18,15,215,146,3,33
51080,Broomehill-Tambellup ,0,0,0,0,0,0,933,0,0,0,0,0,0,0,0,0,0,0,3,0,0,0
51120,Bruce Rock ,0,0,0,3,0,0,804,0,0,0,0,0,0,0,0,0,0,0,9,3,0,0
51310,Cambridge ,78,39,148,68,110,224,21562,42,139,33,387,29,20,679,42,6,52,207,37,168,23,137
51330,Canning ,548,1264,409,193,1142,409,49252,1157,154,954,835,56,787,12197,1597,417,165,89,824,246,488,283
51400,Capel ,18,13,37,21,10,30,14290,22,33,3,67,4,31,79,14,0,26,7,87,38,11,12
51470,Carnamah ,0,0,0,0,0,0,513,0,6,0,0,0,0,0,0,0,0,0,3,7,0,0
51540,Carnarvon ,210,6,6,4,22,30,6109,3,24,3,37,3,0,62,6,0,0,11,26,37,0,14
51610,Chapman Valley ,0,0,0,0,0,3,1209,0,0,0,3,0,0,0,0,0,0,0,0,16,0,0
52380,Cue ,0,0,0,0,0,0,282,0,0,0,0,0,0,0,0,0,0,0,0,0,0,0
52450,Cunderdin ,0,0,0,0,0,0,1219,0,0,0,3,0,0,3,0,0,0,0,41,3,0,0
52520,Dalwallinu ,0,0,0,0,0,0,1144,0,3,0,5,0,0,3,0,0,0,0,49,0,0,0
51680,Chittering ,4,0,3,3,3,3,4712,11,20,0,16,3,0,12,0,0,0,5,8,11,0,0
51750,Claremont ,16,16,63,30,24,100,7952,16,30,13,72,6,7,290,23,0,34,17,9,67,7,90
51820,Cockburn ,261,427,885,292,350,386,74426,384,176,224,2464,717,148,3793,601,59,219,90,1330,420,169,253
51890,Collie ,9,3,3,19,0,3,7592,3,3,0,63,0,3,20,3,0,0,0,5,17,3,7
52100,Corrigin ,0,0,0,0,0,0,951,0,3,0,3,0,0,3,0,0,0,0,7,3,0,0
52170,Cottesloe ,10,3,24,8,0,72,6421,4,25,3,72,5,0,35,4,3,3,42,0,58,0,14
52240,Cranbrook ,0,0,5,0,0,0,894,0,4,0,3,0,0,0,0,0,0,0,3,0,0,0
52310,Cuballing ,0,0,0,0,0,0,681,0,0,0,0,0,0,0,0,0,0,0,4,3,0,0
52590,Dandaragan ,0,0,4,0,0,10,2928,0,3,3,11,0,0,23,5,0,6,3,0,13,3,3
52660,Dardanup ,6,29,22,11,11,16,12058,16,30,9,56,0,7,42,8,0,0,0,30,25,3,12
52730,Denmark ,14,0,13,4,0,19,4998,0,12,0,10,0,0,10,5,0,4,0,6,55,0,0
52800,Derby-West Kimberley ,7,4,11,7,5,13,5339,4,10,7,19,3,0,21,3,0,3,3,12,24,0,6
52870,Donnybrook-Balingup ,12,6,0,5,0,9,4895,10,8,0,65,0,0,36,0,0,5,3,3,22,0,9
52940,Dowerin ,0,0,0,0,0,0,618,0,4,0,0,0,0,0,0,0,0,0,0,0,0,0
53150,East Fremantle ,9,5,26,8,3,50,6175,11,20,3,193,0,0,31,10,9,0,0,4,48,0,18
53220,East Pilbara ,19,15,46,17,34,27,11057,22,8,20,45,23,0,84,37,0,14,17,141,37,6,8
53290,Esperance ,3,9,3,3,3,22,11994,4,18,6,24,0,0,48,8,0,6,6,17,47,5,0
53360,Exmouth ,0,0,3,5,0,21,4300,0,18,0,24,0,0,12,4,0,4,6,17,39,0,0
53430,Fremantle ,33,34,222,82,22,293,22015,30,89,25,1279,68,13,191,47,16,38,57,74,248,4,97
53010,Dumbleyung ,0,0,0,0,0,0,569,0,0,0,0,0,0,0,0,0,0,0,0,0,0,0
53080,Dundas ,0,3,0,0,0,0,1044,0,3,3,3,0,3,3,0,0,0,0,4,3,0,0
53570,Gingin ,24,4,8,3,0,11,4195,3,11,3,27,3,0,121,0,0,3,3,33,32,0,7
53640,Gnowangerup ,0,0,0,0,0,0,1012,0,5,0,0,0,0,6,0,0,0,0,17,11,0,0
54280,Kalgoorlie/Boulder ,34,12,38,29,149,36,23839,34,18,27,51,8,31,259,71,12,28,24,312,65,25,11
54310,Karratha ,39,17,71,15,86,75,18314,25,27,23,48,21,30,275,64,8,12,20,289,58,30,21
53920,Halls Creek ,0,0,0,0,0,3,1901,0,3,0,5,0,3,24,0,0,0,0,3,6,0,4
53990,Harvey ,16,26,27,21,18,25,22096,12,50,8,383,8,7,179,33,3,4,5,177,48,0,26
54060,Irwin ,4,0,0,0,0,0,3370,0,6,0,3,0,0,8,0,0,0,0,0,25,0,0
54130,Jerramungup ,0,0,0,0,0,0,927,0,0,0,0,0,0,3,0,0,0,4,5,10,0,0
54170,Joondalup ,437,116,617,673,245,630,129822,630,364,103,1187,224,68,2221,272,33,231,309,271,894,80,368
53710,Goomalling ,0,0,3,0,0,0,886,0,6,0,0,0,0,0,0,0,0,0,0,6,0,0
53780,Gosnells ,566,547,449,181,1093,392,72510,1818,246,1592,836,124,982,8686,1641,258,107,70,1551,211,501,195
53800,Greater Geraldton ,106,0,50,14,43,70,32083,31,39,26,220,3,45,141,59,0,14,14,229,133,13,22
54200,Kalamunda ,70,37,116,98,176,209,46579,129,153,153,674,69,36,702,167,27,70,32,351,235,164,75
54340,Katanning ,3,5,3,3,4,0,2767,10,4,12,21,3,3,44,15,0,0,0,15,0,0,0
54410,Kellerberrin ,0,0,0,0,0,0,1040,0,0,0,0,0,0,3,0,0,0,0,5,0,0,0
54830,Kwinana ,103,125,237,71,320,98,27262,106,49,129,159,140,116,618,122,9,51,25,860,106,93,75
54480,Kent ,0,0,0,0,0,0,447,0,0,0,0,0,0,0,0,0,0,0,0,3,0,0
54550,Kojonup ,0,0,3,0,0,6,1683,7,0,0,16,0,0,0,0,0,0,0,19,8,0,0
54900,Lake Grace ,0,3,0,0,0,0,1070,3,3,0,3,0,0,7,0,0,0,0,0,4,0,0
57910,Stirling ,4407,477,1325,855,1557,1116,136963,2376,371,408,6375,895,788,7186,601,255,434,1450,867,916,193,851
54620,Kondinin ,0,0,0,3,0,0,895,4,0,0,0,0,0,0,3,0,0,0,0,0,3,0
54690,Koorda ,0,0,0,0,0,0,383,0,0,0,0,0,0,0,0,0,0,0,0,0,0,0
54760,Kulin ,0,0,0,0,0,0,651,0,0,0,9,0,0,0,0,0,0,0,0,0,0,0
54970,Laverton ,3,3,4,0,4,9,1706,3,0,0,7,0,0,12,4,0,0,0,4,11,0,3
57980,Subiaco ,101,95,155,55,65,262,13650,100,79,66,152,41,75,1419,147,16,68,48,31,126,52,172
58050,Swan ,2883,125,462,447,897,477,95694,1507,180,436,1397,416,180,2302,303,38,128,210,1362,336,93,181
58190,Tammin ,0,0,0,0,0,0,328,0,0,0,0,0,0,0,0,0,0,0,0,0,0,0
55040,Leonora ,0,0,3,0,0,0,1765,3,3,0,3,3,0,9,3,0,0,3,5,3,0,0
55110,Mandurah ,76,103,155,99,117,126,67710,55,177,39,284,25,44,409,141,5,66,43,348,230,29,96
55180,Manjimup ,10,6,7,12,0,15,7884,0,6,5,114,0,0,35,6,0,0,8,16,32,3,3
55250,Meekatharra ,3,0,7,6,0,5,1188,3,3,0,0,0,0,10,3,0,0,5,7,3,0,0
55320,Melville ,287,592,560,192,418,478,73070,415,234,371,1411,169,65,6645,1348,46,174,185,255,451,143,396
58260,Three Springs ,0,0,0,0,0,3,522,0,3,0,0,0,4,0,0,0,0,0,0,0,0,0
55950,Mukinbudin ,0,0,0,0,0,0,493,0,0,0,3,0,0,0,0,0,0,0,0,3,0,0
55530,Mingenew ,0,0,0,0,0,0,500,0,0,0,0,0,0,0,0,0,0,0,0,0,0,0
56090,Mundaring ,34,7,55,84,26,99,31444,18,127,13,319,22,8,174,28,8,22,30,107,196,10,60
55390,Menzies ,0,0,3,4,0,0,573,0,0,0,0,3,0,6,0,0,0,0,13,0,0,0
55460,Merredin ,0,0,0,0,0,6,2875,0,8,3,14,0,0,103,0,0,5,0,11,5,6,0
57140,Pingelly ,0,0,0,0,0,0,964,0,3,0,5,0,0,0,3,0,0,0,0,0,0,0
57210,Plantagenet ,3,0,11,3,0,3,4188,0,12,0,12,0,0,4,0,0,0,0,12,30,0,3
57280,Port Hedland ,30,21,22,3,40,36,11849,26,13,40,22,8,18,133,91,9,15,17,194,31,31,13
55600,Moora ,0,0,0,0,0,0,2140,0,0,0,4,0,0,3,0,0,0,0,16,0,0,0
57350,Quairading ,0,3,0,0,0,0,854,0,0,0,3,0,0,0,0,0,0,0,0,0,0,0
57420,Ravensthorpe ,4,0,3,0,0,0,1522,3,3,0,0,0,0,3,3,0,0,0,5,0,0,0
57490,Rockingham ,229,83,410,128,139,220,104206,210,280,93,409,327,45,561,232,12,134,51,529,362,43,172
55670,Morawa ,0,3,0,0,0,0,713,0,3,0,0,0,0,0,0,0,0,0,0,3,0,0
55810,Mount Magnet ,0,0,0,0,3,0,499,0,6,0,0,3,0,0,0,0,0,0,3,0,0,0
55880,Mount Marshall ,0,0,0,0,0,0,482,0,0,0,0,0,0,3,0,0,0,0,0,0,0,0
56860,Nungarin ,0,0,0,0,0,0,219,0,0,0,0,0,0,0,0,0,0,0,0,0,0,0
56620,Ngaanyatjarraku ,0,0,0,0,0,0,256,0,0,0,3,0,0,4,0,0,0,0,0,0,0,0
65010,Southern Midlands ,0,0,4,5,0,0,5486,0,8,0,6,0,0,4,0,0,0,7,0,9,0,3
65210,Tasman ,3,0,0,0,0,4,1973,0,3,0,0,0,0,0,0,0,0,3,0,5,0,0
65410,Waratah/Wynyard ,3,0,5,3,3,6,12307,0,12,0,4,0,0,18,3,0,4,3,4,22,0,8
55740,Mosman Park ,18,18,65,39,28,77,6731,12,12,19,76,10,3,184,21,0,30,21,18,60,9,49
56790,Northampton ,5,0,0,0,0,5,3843,0,7,0,11,0,0,7,0,0,0,0,0,29,0,0
65610,West Coast ,4,0,6,0,4,0,3831,0,9,0,4,0,0,14,0,0,0,0,3,9,0,0
65810,West Tamar ,8,20,26,32,14,22,19980,14,65,28,53,5,5,140,8,3,15,24,12,104,0,23
60810,Central Coast (TAS),3,0,13,3,10,17,19119,7,53,0,13,0,0,26,10,0,12,0,22,31,0,8
56160,Murchison ,0,0,0,0,0,0,121,0,0,0,0,0,0,0,0,0,0,0,0,0,0,0
56230,Murray ,5,0,14,3,3,3,14466,7,28,9,79,0,0,28,10,3,0,3,29,34,0,0
56300,Nannup ,0,0,3,0,0,6,1168,0,3,0,6,0,0,8,0,0,0,0,0,9,0,0
56370,Narembeen ,0,0,0,0,0,0,684,0,0,0,3,0,0,0,0,0,0,0,5,3,0,0
57700,Serpentine-Jarrahdale ,25,11,40,15,62,64,22073,32,88,59,127,20,58,159,35,3,4,17,77,59,9,13
57770,Shark Bay ,0,3,0,5,0,4,1834,0,6,0,8,0,0,7,0,0,0,4,11,11,0,0
57840,South Perth ,267,279,331,147,230,284,29619,351,61,98,461,52,79,2490,515,64,93,149,89,165,57,234
56460,Narrogin ,6,0,0,5,3,10,4285,0,0,3,19,0,6,18,0,0,7,0,39,8,0,0
56580,Nedlands ,52,31,95,43,60,156,17348,55,69,70,187,4,25,1286,108,12,33,96,17,131,23,80
56730,Northam ,16,0,3,27,13,13,9040,3,14,10,20,12,0,20,7,0,3,3,114,36,0,3
56930,Peppermint Grove ,0,0,6,8,9,12,1370,0,3,3,12,0,0,32,3,0,4,9,0,0,4,3
57630,Sandstone ,0,0,0,0,0,0,109,0,0,0,0,0,0,0,0,0,0,0,0,3,0,0
57000,Perenjori ,0,0,0,4,0,0,793,0,0,0,4,0,0,10,0,0,0,0,3,3,0,0
57080,Perth (WA),179,590,379,92,308,263,12347,228,40,133,312,69,107,2394,240,35,119,77,96,139,79,354
58330,Toodyay ,3,3,10,10,0,10,3816,0,10,0,9,0,0,14,7,0,0,3,0,22,0,3
70200,Alice Springs ,88,43,71,15,156,73,18446,45,44,22,99,3,56,284,18,3,16,36,229,130,22,53
61010,Central Highlands (TAS),0,0,0,0,0,0,1993,0,0,0,0,0,0,3,0,0,3,3,4,3,0,0
61210,Circular Head ,0,24,6,0,0,3,6977,3,18,0,3,0,0,29,0,0,17,0,25,13,0,3
58400,Trayning ,0,0,0,0,0,0,285,0,0,0,0,0,0,0,0,0,0,0,0,0,0,0
58760,Wanneroo ,4973,171,932,601,752,620,136617,1968,272,247,1569,589,236,2707,347,46,277,344,1044,574,146,244
58820,Waroona ,0,0,3,4,0,3,3329,4,5,0,130,0,0,7,0,0,3,0,21,11,4,0
58890,West Arthur ,0,0,0,0,0,0,711,0,0,0,0,0,0,0,0,0,0,0,3,0,0,0
61410,Clarence ,32,35,102,51,26,83,48577,40,64,22,80,3,8,292,25,9,15,234,29,163,15,83
61510,Derwent Valley ,3,0,5,18,0,5,9063,6,11,0,4,0,0,19,0,0,0,9,0,9,0,3
58470,Upper Gascoyne ,0,0,0,0,0,0,329,0,0,0,0,0,0,3,0,0,0,0,0,3,0,0
58510,Victoria Park ,275,417,248,113,362,233,22054,342,77,92,637,38,174,2085,372,50,63,56,186,164,119,164
61610,Devonport ,12,10,48,12,31,17,22023,8,34,11,22,5,0,128,11,3,10,28,40,24,4,17
61810,Dorset ,0,4,4,5,3,6,5799,0,10,0,0,0,0,11,0,0,3,5,3,21,0,0
58540,Victoria Plains ,0,0,0,0,5,0,795,0,0,3,0,0,0,3,0,0,0,0,15,0,0,0
62010,Flinders (TAS),0,0,0,0,0,0,831,0,0,0,0,0,0,0,0,0,0,0,0,5,0,0
62210,George Town ,0,0,4,3,3,5,5922,4,8,0,12,0,0,24,0,0,3,0,3,15,0,3
62410,Glamorgan/Spring Bay ,3,0,8,3,0,10,3802,0,9,3,3,0,0,19,9,0,0,0,0,14,0,6
62610,Glenorchy ,98,30,149,197,126,63,38271,166,24,76,166,39,73,331,18,9,12,181,125,122,10,57
58570,Vincent ,573,214,319,113,75,275,23080,116,63,31,1394,117,46,1197,77,21,62,301,77,205,23,188
58610,Wagin ,4,0,3,0,0,7,1569,0,0,0,0,0,0,0,0,0,0,0,4,3,0,0
58680,Wandering ,0,0,0,0,0,0,377,0,0,0,0,0,0,0,0,0,0,0,0,0,0,0
59030,Westonia ,0,0,0,0,0,0,290,0,0,0,4,0,0,3,0,0,0,0,0,8,0,0
74560,Wagait ,0,0,0,0,0,0,410,0,3,0,0,0,0,0,0,0,0,0,0,3,0,0
74660,West Arnhem ,0,0,7,3,10,17,2135,0,18,4,12,0,0,24,14,0,0,3,6,32,3,5
72800,Palmerston ,199,38,69,13,117,74,25753,39,31,112,70,4,88,271,206,8,25,294,711,97,90,41
73600,Roper Gulf ,4,0,4,3,8,12,3423,0,7,0,15,0,0,13,3,0,0,3,3,17,0,0
74050,Tiwi Islands ,4,0,0,0,0,0,308,0,0,0,0,0,0,0,3,0,0,0,3,0,0,0
74550,Victoria Daly ,0,0,0,0,0,5,1424,0,7,0,3,0,0,0,3,0,0,0,0,3,0,0
74680,West Daly ,0,3,0,0,0,0,331,0,0,0,0,0,0,0,0,0,0,0,4,0,0,0
79399,Unincorporated NT,78,19,29,8,29,53,6457,17,15,4,45,3,5,49,16,0,5,9,29,46,0,67
62810,Hobart ,143,167,211,151,257,229,40438,287,86,80,344,45,103,2641,62,27,74,469,60,298,69,172
59100,Wickepin ,0,0,0,0,0,0,645,0,0,0,0,0,0,0,0,0,0,0,0,3,0,0
59330,Wyalkatchem ,0,0,0,0,0,0,431,0,0,0,0,0,0,0,0,0,0,0,0,0,0,0
59340,Wyndham-East Kimberley ,32,14,7,3,9,46,7893,5,28,7,31,7,0,68,6,0,3,3,28,64,0,11
59350,Yalgoo ,3,0,3,3,0,0,598,4,0,0,0,0,0,3,3,0,0,0,0,0,0,0
63010,Huon Valley ,9,8,42,22,3,34,14310,15,33,0,23,4,5,63,7,5,15,13,14,120,0,24
59170,Williams ,0,0,0,0,0,0,841,4,0,0,0,0,0,0,0,0,4,0,0,3,0,0
59250,Wiluna ,0,0,4,0,0,0,883,0,0,0,5,3,0,12,0,0,0,0,0,3,0,0
89399,Unincorporated ACT,4203,2384,3253,1099,3661,2037,287026,3058,573,1895,3235,1099,2368,17237,1335,285,909,2419,1697,1890,1949,1110
99399,Unincorp. Other Territories,9,0,7,0,11,9,2174,12,8,4,15,0,0,420,4,0,7,4,37,10,0,0
60610,Burnie ,9,0,33,4,16,11,17151,20,17,24,10,3,18,70,12,0,5,12,25,42,12,12
59310,Wongan-Ballidu ,0,0,0,3,0,0,1227,0,0,0,0,0,0,0,0,0,0,0,11,0,0,0
59320,Woodanilling ,0,0,0,0,0,0,358,0,3,0,0,0,0,0,0,0,0,0,0,0,0,0
59360,Yilgarn ,0,0,0,0,5,3,1394,0,0,0,10,0,0,3,0,0,0,3,10,0,0,0
59370,York ,4,0,0,0,0,3,3079,0,8,0,9,0,0,4,0,0,0,0,5,9,0,0
60210,Break O'Day ,0,0,3,0,9,11,5367,0,4,0,8,0,0,10,0,0,5,4,3,22,0,7
60410,Brighton ,7,0,9,24,3,3,14966,3,10,0,31,0,7,35,0,0,4,23,24,21,0,3
63210,Kentish ,0,5,10,5,3,17,5510,0,18,0,7,3,0,32,11,3,3,3,11,28,3,15
63410,King Island ,0,0,3,0,0,0,1333,0,4,0,4,0,0,0,4,0,3,3,3,11,0,0
63610,Kingborough ,10,81,115,41,30,108,31368,33,164,22,76,3,18,413,24,3,43,66,50,192,9,69
63810,Latrobe (TAS),4,4,7,3,3,11,9560,11,21,0,8,0,3,19,0,0,3,0,4,19,0,5
64010,Launceston ,87,96,87,76,86,90,55698,178,111,44,121,10,22,831,45,9,50,54,96,145,40,63
64210,Meander Valley ,0,14,0,17,17,24,17182,21,27,0,53,5,18,41,0,0,18,6,32,39,0,11
64610,Northern Midlands ,7,3,12,0,0,8,11417,0,24,0,15,0,0,19,0,3,0,4,6,15,0,6
64810,Sorell ,0,0,22,4,0,11,12867,0,26,0,10,0,0,24,3,3,0,22,12,34,0,5
70700,Coomalie ,0,0,0,0,0,4,1307,0,9,0,7,0,0,0,0,0,0,0,9,3,0,3
71000,Darwin ,596,207,274,77,513,389,53200,219,120,375,520,51,285,2759,810,40,91,2780,1762,422,311,314
71300,East Arnhem ,4,0,0,0,0,9,602,0,5,0,3,0,0,0,0,0,0,0,0,5,0,0
72200,Katherine ,19,15,10,0,18,19,7481,23,8,8,20,0,0,52,11,0,0,6,115,27,0,8
72300,Litchfield ,228,31,45,10,22,45,20792,11,32,5,55,3,6,120,78,4,12,87,118,79,0,4
70420,Barkly ,0,4,0,0,11,13,3548,0,8,0,5,0,0,25,14,0,0,30,21,20,0,0
70540,Belyuen ,0,0,0,0,0,0,19,0,0,0,0,0,0,0,0,0,0,0,0,0,0,0
70620,Central Desert ,0,0,0,0,3,10,1040,0,0,0,0,0,0,4,3,0,0,0,0,3,0,0
72330,MacDonnell ,5,3,4,0,0,23,1556,0,6,0,9,0,0,11,0,0,0,0,3,19,3,7
